architecture,logical_basis,legend_label,source_native_architecture,display_label,decoder,enable_correlations_at_compile,enable_correlations_at_decode,observable,metric,p_link,p1,bulk_p2,boundary_x,crossing_two_qubit_locations,bulk_two_qubit_locations,shots,retained_shots,logical_errors,discards,ler,clopper_pearson_95_low,clopper_pearson_95_high,circuit_sha256,noisy_circuit_sha256,strict_dem_sha256,native_dem_sha256,dem_model,sampling_policy,total_two_qubit_locations,shortest_graphlike_error,tqecd_version,tqecd_git_commit,source_manifest_sha256,detector_source_manifest_sha256,aggregation_manifest_sha256
mixed_d3_d7_d3,Z,d3-d7-d3 Z,mixed_d3_d7_d3,Mixed D3–D7–D3 · target-Z,standard_pymatching,False,False,L0 = Z_C(in) Z_T(in) -> Z_T(out),decoded target-Z logical-flow failure probability per CNOT shot,0.001,0.0001,0.0001,8.0,70,2346,45000000,45000000,1833,0,4.073333333333333e-05,3.88897713562644e-05,4.264171490613081e-05,e9910a84aa9383fa0f50f2c8700662fd15a81f7dfaf718e16d59175fcdd52491,3b895e7916ee30e5073ce5c4af0fc61d47f932bede470ff97454686054da1d63,5794537ec4860ec24e4c3f6e835cf2ae6a08dd72b6eb5d0e8f06199829c4ef23,f8b0cfe68286c617054dcfd8e727b058d8d125fb90fcf813aa621eb556e9d414,strict_decomposed,authenticated_v3_15000000_plus_independent_30000000_fixed_45000000_standard_pymatching_only,2416,3,0.1.2,6a2b0882a4f72545cac943ed66aece55d9d65747,608c0448fd5bdf336d81e9ea519beb167fc825f562b755e214982f9fa9274c10,a46bc0fe72f3023b9601fb8195255515114560c5f83f267564713fb5f1ccbfd5,9b0e6b6a9189360b72d2b3fe9980fa430b9f8d9d477c7442436b3990aad6b947
mixed_d3_d7_d3,Z,d3-d7-d3 Z,mixed_d3_d7_d3,Mixed D3–D7–D3 · target-Z,standard_pymatching,False,False,L0 = Z_C(in) Z_T(in) -> Z_T(out),decoded target-Z logical-flow failure probability per CNOT shot,0.002,0.0001,0.0001,8.0,70,2346,45000000,45000000,1732,0,3.848888888888889e-05,3.669742864100837e-05,4.034518354259435e-05,e9910a84aa9383fa0f50f2c8700662fd15a81f7dfaf718e16d59175fcdd52491,6c6ac7946bb138b8956f0f9e3bffeba84fa140fa60b2ad5924c0c5ffc92c61d5,b948e3472696a11782a1b34d729c9ff84475e900736da031f3f1eca6011e0d24,35d4cfb99338bd1a0399727493a1a125c1baaa51e1d2bbbb7a682e1a8e1b5637,strict_decomposed,authenticated_v3_15000000_plus_independent_30000000_fixed_45000000_standard_pymatching_only,2416,3,0.1.2,6a2b0882a4f72545cac943ed66aece55d9d65747,608c0448fd5bdf336d81e9ea519beb167fc825f562b755e214982f9fa9274c10,a46bc0fe72f3023b9601fb8195255515114560c5f83f267564713fb5f1ccbfd5,9b0e6b6a9189360b72d2b3fe9980fa430b9f8d9d477c7442436b3990aad6b947
mixed_d3_d7_d3,Z,d3-d7-d3 Z,mixed_d3_d7_d3,Mixed D3–D7–D3 · target-Z,standard_pymatching,False,False,L0 = Z_C(in) Z_T(in) -> Z_T(out),decoded target-Z logical-flow failure probability per CNOT shot,0.003,0.0001,0.0001,8.0,70,2346,45000000,45000000,1798,0,3.995555555555556e-05,3.8129882166170876e-05,4.184605353446619e-05,e9910a84aa9383fa0f50f2c8700662fd15a81f7dfaf718e16d59175fcdd52491,e8c6ceea7388f87de6781f9a0b7bbcc12dafc9c052e33cd17a0bc860a794f8b7,89d20f7a1122308948088927055000f50781e185ff846d87ee864ac46e1aa162,ef411f3f59fe472dfd59d1a4015909e13a9092a4327b8ff6fe6ad5385c35c8ee,strict_decomposed,authenticated_v3_15000000_plus_independent_30000000_fixed_45000000_standard_pymatching_only,2416,3,0.1.2,6a2b0882a4f72545cac943ed66aece55d9d65747,608c0448fd5bdf336d81e9ea519beb167fc825f562b755e214982f9fa9274c10,a46bc0fe72f3023b9601fb8195255515114560c5f83f267564713fb5f1ccbfd5,9b0e6b6a9189360b72d2b3fe9980fa430b9f8d9d477c7442436b3990aad6b947
mixed_d3_d7_d3,Z,d3-d7-d3 Z,mixed_d3_d7_d3,Mixed D3–D7–D3 · target-Z,standard_pymatching,False,False,L0 = Z_C(in) Z_T(in) -> Z_T(out),decoded target-Z logical-flow failure probability per CNOT shot,0.004,0.0001,0.0001,8.0,70,2346,45000000,45000000,1721,0,3.8244444444444445e-05,3.645874938284679e-05,4.009497560140263e-05,e9910a84aa9383fa0f50f2c8700662fd15a81f7dfaf718e16d59175fcdd52491,e4a7f6778eb4964f0e2d93d0f9bcd85644e79aa2866d14c78b04215c660e853e,e02fad535badd8eb40fae404ad5616c89e3f69b089698029a13a006ecda8d9a6,7cf792a702c4ec591717fec94306008be4fb8bc01d8ef2fe39bb3340ee849da4,strict_decomposed,authenticated_v3_15000000_plus_independent_30000000_fixed_45000000_standard_pymatching_only,2416,3,0.1.2,6a2b0882a4f72545cac943ed66aece55d9d65747,608c0448fd5bdf336d81e9ea519beb167fc825f562b755e214982f9fa9274c10,a46bc0fe72f3023b9601fb8195255515114560c5f83f267564713fb5f1ccbfd5,9b0e6b6a9189360b72d2b3fe9980fa430b9f8d9d477c7442436b3990aad6b947
mixed_d3_d7_d3,Z,d3-d7-d3 Z,mixed_d3_d7_d3,Mixed D3–D7–D3 · target-Z,standard_pymatching,False,False,L0 = Z_C(in) Z_T(in) -> Z_T(out),decoded target-Z logical-flow failure probability per CNOT shot,0.005,0.0001,0.0001,8.0,70,2346,45000000,45000000,1876,0,4.168888888888889e-05,3.9823581759912225e-05,4.361900966641966e-05,e9910a84aa9383fa0f50f2c8700662fd15a81f7dfaf718e16d59175fcdd52491,37fc5a04656e134c84192f219b9d203c8fd09b471df3b38de8758740165b12bb,170acc495ae07a6d614e430b4178e1960e7c529010e6a5e3212e0e770ebb5c79,35976836b25ccd68e5450abf226bc335c1ca8634b6c6962b6eba0137f87b3ec2,strict_decomposed,authenticated_v3_15000000_plus_independent_30000000_fixed_45000000_standard_pymatching_only,2416,3,0.1.2,6a2b0882a4f72545cac943ed66aece55d9d65747,608c0448fd5bdf336d81e9ea519beb167fc825f562b755e214982f9fa9274c10,a46bc0fe72f3023b9601fb8195255515114560c5f83f267564713fb5f1ccbfd5,9b0e6b6a9189360b72d2b3fe9980fa430b9f8d9d477c7442436b3990aad6b947
mixed_d3_d7_d3,Z,d3-d7-d3 Z,mixed_d3_d7_d3,Mixed D3–D7–D3 · target-Z,standard_pymatching,False,False,L0 = Z_C(in) Z_T(in) -> Z_T(out),decoded target-Z logical-flow failure probability per CNOT shot,0.006,0.0001,0.0001,8.0,70,2346,45000000,45000000,1776,0,3.9466666666666666e-05,3.765232678334004e-05,4.1345834352069705e-05,e9910a84aa9383fa0f50f2c8700662fd15a81f7dfaf718e16d59175fcdd52491,660d7bd8eefbceda36afa574efd822750ad0cc8a94976fc5eee2e59054d2b5c9,ef3160a943ec8f79a775ad744a5d8270d80310299149e5cb482edc37f3e75436,ed6b13e528b76f8287a609d952de06baedb1aa613dcde944eca130d7e97d607b,strict_decomposed,authenticated_v3_15000000_plus_independent_30000000_fixed_45000000_standard_pymatching_only,2416,3,0.1.2,6a2b0882a4f72545cac943ed66aece55d9d65747,608c0448fd5bdf336d81e9ea519beb167fc825f562b755e214982f9fa9274c10,a46bc0fe72f3023b9601fb8195255515114560c5f83f267564713fb5f1ccbfd5,9b0e6b6a9189360b72d2b3fe9980fa430b9f8d9d477c7442436b3990aad6b947
mixed_d3_d7_d3,Z,d3-d7-d3 Z,mixed_d3_d7_d3,Mixed D3–D7–D3 · target-Z,standard_pymatching,False,False,L0 = Z_C(in) Z_T(in) -> Z_T(out),decoded target-Z logical-flow failure probability per CNOT shot,0.007,0.0001,0.0001,8.0,70,2346,45000000,45000000,1876,0,4.168888888888889e-05,3.9823581759912225e-05,4.361900966641966e-05,e9910a84aa9383fa0f50f2c8700662fd15a81f7dfaf718e16d59175fcdd52491,63c9e59cef043ab165d599709107fcc7f293c6ecc94cc69d67ba16136f436105,26602da7a82dc35493fb0f56d81bc9d64f728300107bf4b33c96727daef2ca0f,a92273de9396057da0d57e5ee3bc895c2ddaa21616430e8b941ce4ad1ebd2236,strict_decomposed,authenticated_v3_15000000_plus_independent_30000000_fixed_45000000_standard_pymatching_only,2416,3,0.1.2,6a2b0882a4f72545cac943ed66aece55d9d65747,608c0448fd5bdf336d81e9ea519beb167fc825f562b755e214982f9fa9274c10,a46bc0fe72f3023b9601fb8195255515114560c5f83f267564713fb5f1ccbfd5,9b0e6b6a9189360b72d2b3fe9980fa430b9f8d9d477c7442436b3990aad6b947
mixed_d3_d7_d3,Z,d3-d7-d3 Z,mixed_d3_d7_d3,Mixed D3–D7–D3 · target-Z,standard_pymatching,False,False,L0 = Z_C(in) Z_T(in) -> Z_T(out),decoded target-Z logical-flow failure probability per CNOT shot,0.008,0.0001,0.0001,8.0,70,2346,45000000,45000000,1991,0,4.424444444444444e-05,4.232217705479968e-05,4.6231510513241136e-05,e9910a84aa9383fa0f50f2c8700662fd15a81f7dfaf718e16d59175fcdd52491,68885549e8cff0b1d559cd48c746dee45cb7477682ac0f9784c6b8b3c84c2714,f41cb8c4e5ecb46db2ed12a16f902c23e9c114dc6b60b56ac15b115e51a25b6b,d082498e22f892a46ea636c5ddd0b4536624003199bf4500872664e578bf9d23,strict_decomposed,authenticated_v3_15000000_plus_independent_30000000_fixed_45000000_standard_pymatching_only,2416,3,0.1.2,6a2b0882a4f72545cac943ed66aece55d9d65747,608c0448fd5bdf336d81e9ea519beb167fc825f562b755e214982f9fa9274c10,a46bc0fe72f3023b9601fb8195255515114560c5f83f267564713fb5f1ccbfd5,9b0e6b6a9189360b72d2b3fe9980fa430b9f8d9d477c7442436b3990aad6b947
mixed_d3_d7_d3,Z,d3-d7-d3 Z,mixed_d3_d7_d3,Mixed D3–D7–D3 · target-Z,standard_pymatching,False,False,L0 = Z_C(in) Z_T(in) -> Z_T(out),decoded target-Z logical-flow failure probability per CNOT shot,0.009,0.0001,0.0001,8.0,70,2346,45000000,45000000,2017,0,4.4822222222222224e-05,4.288730679117283e-05,4.682193312241799e-05,e9910a84aa9383fa0f50f2c8700662fd15a81f7dfaf718e16d59175fcdd52491,e90e20f8ac71979857428e64b654053ee76b255da5b73db347b13eeb0182540d,bebf77b696ec3af65af5cd7db6f566627b05e5f28cc889f0b2edfde6a1e7457f,f23f5257c6c9541ce3709128a9c6bf69afab1d9a1ae856c1b975131045e23f19,strict_decomposed,authenticated_v3_15000000_plus_independent_30000000_fixed_45000000_standard_pymatching_only,2416,3,0.1.2,6a2b0882a4f72545cac943ed66aece55d9d65747,608c0448fd5bdf336d81e9ea519beb167fc825f562b755e214982f9fa9274c10,a46bc0fe72f3023b9601fb8195255515114560c5f83f267564713fb5f1ccbfd5,9b0e6b6a9189360b72d2b3fe9980fa430b9f8d9d477c7442436b3990aad6b947
mixed_d3_d7_d3,Z,d3-d7-d3 Z,mixed_d3_d7_d3,Mixed D3–D7–D3 · target-Z,standard_pymatching,False,False,L0 = Z_C(in) Z_T(in) -> Z_T(out),decoded target-Z logical-flow failure probability per CNOT shot,0.01,0.0001,0.0001,8.0,70,2346,45000000,45000000,2100,0,4.6666666666666665e-05,4.4691911176659206e-05,4.870620777032383e-05,e9910a84aa9383fa0f50f2c8700662fd15a81f7dfaf718e16d59175fcdd52491,ee95c446949ef327b661b983c40d79d1d2ea45f2e8f890b6352555bd8120879a,c1b664c574217120b593e4a3f4f403a25d9302c6eca9f97ea7bf89967bda5788,cc571f90911ba73eb547b8ac2dd152e3ac2d2a2c3ca96df3146fa4d8b6a6fb0c,strict_decomposed,authenticated_v3_15000000_plus_independent_30000000_fixed_45000000_standard_pymatching_only,2416,3,0.1.2,6a2b0882a4f72545cac943ed66aece55d9d65747,608c0448fd5bdf336d81e9ea519beb167fc825f562b755e214982f9fa9274c10,a46bc0fe72f3023b9601fb8195255515114560c5f83f267564713fb5f1ccbfd5,9b0e6b6a9189360b72d2b3fe9980fa430b9f8d9d477c7442436b3990aad6b947
standard_d5d5d5,Z,d5-d5-d5 Z,standard_d5,Standard D5–D5–D5 · target-Z,standard_pymatching,False,False,"L0 = Z_C(mid,in) Z_T(mid,in) -> Z_T(mid,out)",decoded target-Z logical-flow failure probability per CNOT shot,0.001,0.0001,0.0001,9.5,45,4235,45000000,45000000,43,0,9.555555555555556e-07,6.915403772041132e-07,1.2871268490656152e-06,55e6efe953d024637e09a7898c085e4157404bd8f65a9f0741692d8eca807193,b9e7593afaa7fe8c2e2f659dc6da4b9894d28b684225d32d9e8a69e68be2cdd8,4460449175f54f49cbe96193a73972acd9d4481ad5bbb9ccc761895c92edc12b,5b2b3c4e363c0df13d8b2c214e2a2dca2a70c869dd83c74f5b3e93f8a277f579,strict_decomposed,authenticated_v3_15000000_plus_independent_30000000_fixed_45000000_standard_pymatching_only,4280,5,0.1.2,6a2b0882a4f72545cac943ed66aece55d9d65747,20e44a985917949177fdf1fcf1f431ce1d6568607c9481d84abbb3fe32424d06,02e284fefc81c27a234d5937e63f3841d956a71224c6c184687d21d51886c77f,f5bb0538d57c0bc9e959623cc03ba4e0fe1f3236278349af0406d20bc09c3abd
standard_d5d5d5,Z,d5-d5-d5 Z,standard_d5,Standard D5–D5–D5 · target-Z,standard_pymatching,False,False,"L0 = Z_C(mid,in) Z_T(mid,in) -> Z_T(mid,out)",decoded target-Z logical-flow failure probability per CNOT shot,0.002,0.0001,0.0001,9.5,45,4235,45000000,45000000,79,0,1.7555555555555556e-06,1.3898901044432088e-06,2.187945552858045e-06,55e6efe953d024637e09a7898c085e4157404bd8f65a9f0741692d8eca807193,0631ef2f6331db904c2b4bf43c558ce8945ae5a4b58c6a328b6a2498355f4a93,ed3a7acdfffeb5081f6424ad4be421296f90f613eec9ab85b7dd5b2cfcd9dc06,020f09509e3a4ab52cff79b153500ec3b5be4c63c059041458852b96f4042f7e,strict_decomposed,authenticated_v3_15000000_plus_independent_30000000_fixed_45000000_standard_pymatching_only,4280,5,0.1.2,6a2b0882a4f72545cac943ed66aece55d9d65747,20e44a985917949177fdf1fcf1f431ce1d6568607c9481d84abbb3fe32424d06,02e284fefc81c27a234d5937e63f3841d956a71224c6c184687d21d51886c77f,f5bb0538d57c0bc9e959623cc03ba4e0fe1f3236278349af0406d20bc09c3abd
standard_d5d5d5,Z,d5-d5-d5 Z,standard_d5,Standard D5–D5–D5 · target-Z,standard_pymatching,False,False,"L0 = Z_C(mid,in) Z_T(mid,in) -> Z_T(mid,out)",decoded target-Z logical-flow failure probability per CNOT shot,0.003,0.0001,0.0001,9.5,45,4235,45000000,45000000,214,0,4.755555555555556e-06,4.1397073835943034e-06,5.437194420021546e-06,55e6efe953d024637e09a7898c085e4157404bd8f65a9f0741692d8eca807193,8f3ca2360dfc2f0fbd7c5901ed5453993f2da237003ddb1329483e3b78dd39f1,94736273b42cea40f3fe57cfc6ae87f7196e69c95378e2980100776402a9c4b5,ef49976fdf44895e41fc2f36a967a28e05e61d451c32d978cf888a2e112ba199,strict_decomposed,authenticated_v3_15000000_plus_independent_30000000_fixed_45000000_standard_pymatching_only,4280,5,0.1.2,6a2b0882a4f72545cac943ed66aece55d9d65747,20e44a985917949177fdf1fcf1f431ce1d6568607c9481d84abbb3fe32424d06,02e284fefc81c27a234d5937e63f3841d956a71224c6c184687d21d51886c77f,f5bb0538d57c0bc9e959623cc03ba4e0fe1f3236278349af0406d20bc09c3abd
standard_d5d5d5,Z,d5-d5-d5 Z,standard_d5,Standard D5–D5–D5 · target-Z,standard_pymatching,False,False,"L0 = Z_C(mid,in) Z_T(mid,in) -> Z_T(mid,out)",decoded target-Z logical-flow failure probability per CNOT shot,0.004,0.0001,0.0001,9.5,45,4235,45000000,45000000,382,0,8.488888888888889e-06,7.658861412863576e-06,9.384338999287997e-06,55e6efe953d024637e09a7898c085e4157404bd8f65a9f0741692d8eca807193,725e020598321d878218ea5120dfd215002620ffb84af9a0daaec91391e12f87,51a318e15d373866594bd178a5433b48d6e91b16301a6fc19d1a1ff6c9048a2d,9d92116f10c7f3f114e05f79f1957ce430f36446c0a0d259bed864ac9bf55700,strict_decomposed,authenticated_v3_15000000_plus_independent_30000000_fixed_45000000_standard_pymatching_only,4280,5,0.1.2,6a2b0882a4f72545cac943ed66aece55d9d65747,20e44a985917949177fdf1fcf1f431ce1d6568607c9481d84abbb3fe32424d06,02e284fefc81c27a234d5937e63f3841d956a71224c6c184687d21d51886c77f,f5bb0538d57c0bc9e959623cc03ba4e0fe1f3236278349af0406d20bc09c3abd
standard_d5d5d5,Z,d5-d5-d5 Z,standard_d5,Standard D5–D5–D5 · target-Z,standard_pymatching,False,False,"L0 = Z_C(mid,in) Z_T(mid,in) -> Z_T(mid,out)",decoded target-Z logical-flow failure probability per CNOT shot,0.005,0.0001,0.0001,9.5,45,4235,45000000,45000000,643,0,1.4288888888888889e-05,1.3205654741001143e-05,1.5437292979945183e-05,55e6efe953d024637e09a7898c085e4157404bd8f65a9f0741692d8eca807193,f0dbd6b5cc5df0de91d3bb7ea8da97fe976340a7016344935daa812c30dccb92,793ccd312b15871fced82a3c8ab8eda0eae64665310abe52121326280f39fa5e,84a0ba7842f0000ff8f2575f7ffb61c4a38c9845eab8ea61f1be24996f99b140,strict_decomposed,authenticated_v3_15000000_plus_independent_30000000_fixed_45000000_standard_pymatching_only,4280,5,0.1.2,6a2b0882a4f72545cac943ed66aece55d9d65747,20e44a985917949177fdf1fcf1f431ce1d6568607c9481d84abbb3fe32424d06,02e284fefc81c27a234d5937e63f3841d956a71224c6c184687d21d51886c77f,f5bb0538d57c0bc9e959623cc03ba4e0fe1f3236278349af0406d20bc09c3abd
standard_d5d5d5,Z,d5-d5-d5 Z,standard_d5,Standard D5–D5–D5 · target-Z,standard_pymatching,False,False,"L0 = Z_C(mid,in) Z_T(mid,in) -> Z_T(mid,out)",decoded target-Z logical-flow failure probability per CNOT shot,0.006,0.0001,0.0001,9.5,45,4235,45000000,45000000,1073,0,2.3844444444444444e-05,2.2438913911877272e-05,2.5314951694062412e-05,55e6efe953d024637e09a7898c085e4157404bd8f65a9f0741692d8eca807193,00c0d5022f583a7ec50a6c11b1b60562f0e42f9455a8ee408ed34b926c528b4b,ae77d285afc75299b24789b44dfcd9f3b2f7e9cd416cb33301c2e4331965bbdc,4640bd3d499ae03f2ba29008d752f15e82ba6aebd78c7cfecf60f9a459410189,strict_decomposed,authenticated_v3_15000000_plus_independent_30000000_fixed_45000000_standard_pymatching_only,4280,5,0.1.2,6a2b0882a4f72545cac943ed66aece55d9d65747,20e44a985917949177fdf1fcf1f431ce1d6568607c9481d84abbb3fe32424d06,02e284fefc81c27a234d5937e63f3841d956a71224c6c184687d21d51886c77f,f5bb0538d57c0bc9e959623cc03ba4e0fe1f3236278349af0406d20bc09c3abd
standard_d5d5d5,Z,d5-d5-d5 Z,standard_d5,Standard D5–D5–D5 · target-Z,standard_pymatching,False,False,"L0 = Z_C(mid,in) Z_T(mid,in) -> Z_T(mid,out)",decoded target-Z logical-flow failure probability per CNOT shot,0.007,0.0001,0.0001,9.5,45,4235,45000000,45000000,1556,0,3.4577777777777775e-05,3.2880880946888615e-05,3.633953811444984e-05,55e6efe953d024637e09a7898c085e4157404bd8f65a9f0741692d8eca807193,8af5dce32d691a677edbde3f885e743116a6d4a22faf8ef032c079f708c7ae4d,60d61c270f25ddd534e868c7f298f1ec0d20eff7454d65991fac6331fa743a47,020b85f66ba688c4cd68985f722f2cc7be1132238ef720deeba93a9a08f3e964,strict_decomposed,authenticated_v3_15000000_plus_independent_30000000_fixed_45000000_standard_pymatching_only,4280,5,0.1.2,6a2b0882a4f72545cac943ed66aece55d9d65747,20e44a985917949177fdf1fcf1f431ce1d6568607c9481d84abbb3fe32424d06,02e284fefc81c27a234d5937e63f3841d956a71224c6c184687d21d51886c77f,f5bb0538d57c0bc9e959623cc03ba4e0fe1f3236278349af0406d20bc09c3abd
standard_d5d5d5,Z,d5-d5-d5 Z,standard_d5,Standard D5–D5–D5 · target-Z,standard_pymatching,False,False,"L0 = Z_C(mid,in) Z_T(mid,in) -> Z_T(mid,out)",decoded target-Z logical-flow failure probability per CNOT shot,0.008,0.0001,0.0001,9.5,45,4235,45000000,45000000,2304,0,5.12e-05,4.913054883367116e-05,5.333421480164111e-05,55e6efe953d024637e09a7898c085e4157404bd8f65a9f0741692d8eca807193,b9fd1527b5c573a695c2febfb911b53dc49e4b8ff72ef2783a8bcd097254f46f,464e781e9f6ddedc160818b5637b976898add7e4c8663e68afc7c45ae6ee83c1,3439e705bf749fae1111ef6245e5706bae2a42b96f5158ac81be80d55ce2513c,strict_decomposed,authenticated_v3_15000000_plus_independent_30000000_fixed_45000000_standard_pymatching_only,4280,5,0.1.2,6a2b0882a4f72545cac943ed66aece55d9d65747,20e44a985917949177fdf1fcf1f431ce1d6568607c9481d84abbb3fe32424d06,02e284fefc81c27a234d5937e63f3841d956a71224c6c184687d21d51886c77f,f5bb0538d57c0bc9e959623cc03ba4e0fe1f3236278349af0406d20bc09c3abd
standard_d5d5d5,Z,d5-d5-d5 Z,standard_d5,Standard D5–D5–D5 · target-Z,standard_pymatching,False,False,"L0 = Z_C(mid,in) Z_T(mid,in) -> Z_T(mid,out)",decoded target-Z logical-flow failure probability per CNOT shot,0.009,0.0001,0.0001,9.5,45,4235,45000000,45000000,3214,0,7.142222222222223e-05,6.897420789383308e-05,7.393492840131724e-05,55e6efe953d024637e09a7898c085e4157404bd8f65a9f0741692d8eca807193,a465ba59d2bbc59c39ee96391aaeb7edc5e596b080c9582cd0a8a2cd35558b81,9b67d4d1049c8cafc9908d338a6cac066a2bf6c0b456459cb4ee1f52ac2fdc9b,782850e1e41a900501b9df20ab430092db6647b3098c7a26d9162b74f42617bd,strict_decomposed,authenticated_v3_15000000_plus_independent_30000000_fixed_45000000_standard_pymatching_only,4280,5,0.1.2,6a2b0882a4f72545cac943ed66aece55d9d65747,20e44a985917949177fdf1fcf1f431ce1d6568607c9481d84abbb3fe32424d06,02e284fefc81c27a234d5937e63f3841d956a71224c6c184687d21d51886c77f,f5bb0538d57c0bc9e959623cc03ba4e0fe1f3236278349af0406d20bc09c3abd
standard_d5d5d5,Z,d5-d5-d5 Z,standard_d5,Standard D5–D5–D5 · target-Z,standard_pymatching,False,False,"L0 = Z_C(mid,in) Z_T(mid,in) -> Z_T(mid,out)",decoded target-Z logical-flow failure probability per CNOT shot,0.01,0.0001,0.0001,9.5,45,4235,45000000,45000000,4232,0,9.404444444444445e-05,9.12322745700607e-05,9.692125411197295e-05,55e6efe953d024637e09a7898c085e4157404bd8f65a9f0741692d8eca807193,8b386b19a096462cb10ee41b49b6928a3f6dffd97116e25830e4e62f5449f617,cf938623f172f7b5797516b8b9ad2414a71cb2fe43d0afded8607d79748f79d6,8ea22a8a4bbde792cd382ce0017ed1aad333497ddb08b45305ab2efbbf8d8005,strict_decomposed,authenticated_v3_15000000_plus_independent_30000000_fixed_45000000_standard_pymatching_only,4280,5,0.1.2,6a2b0882a4f72545cac943ed66aece55d9d65747,20e44a985917949177fdf1fcf1f431ce1d6568607c9481d84abbb3fe32424d06,02e284fefc81c27a234d5937e63f3841d956a71224c6c184687d21d51886c77f,f5bb0538d57c0bc9e959623cc03ba4e0fe1f3236278349af0406d20bc09c3abd
standard_d3d3d3,Z,d3-d3-d3 Z,standard_d3,Standard D3–D3–D3 · target-Z,standard_pymatching,False,False,"L0 = Z_C(mid,in) Z_T(mid,in) -> Z_T(mid,out)",decoded target-Z logical-flow failure probability per CNOT shot,0.001,0.0001,0.0001,8.5,15,657,45000000,45000000,2068,0,4.5955555555555555e-05,4.399606514196487e-05,4.7979835314016574e-05,332556f43fbd5f05a7e9aafc01cf3388acefb38e7d98a8be6b901d0958e5a98e,c731976857cb013e0d7fe7fd8d778621f00d0c517fa6180e5bb62ca82e29cb22,ce6fbdb38a6b8b33458afa1680e2c07f89c0e4925e59ded7809abc1e7a0af932,51f3a890f7d06277bb68017203752bfb2b839204ad4ff741cda4bb1940480ec8,strict_decomposed,authenticated_prior_plus_disjoint_20260921_fixed_45000000_standard_pymatching,672,3,0.1.2,6a2b0882a4f72545cac943ed66aece55d9d65747,2bfa0376b8dd6079e5017906155cac46bd66aa14aa0792334cc8c2cd1c398d80,8ce0903700085a4b2823093ec885abbc9351962b596c759d27e2b901a91d41c5,00bf458fa5a9994632181f4972629bfc4dfc83b8b279c7ece5c8d428c8cd9349
standard_d3d3d3,Z,d3-d3-d3 Z,standard_d3,Standard D3–D3–D3 · target-Z,standard_pymatching,False,False,"L0 = Z_C(mid,in) Z_T(mid,in) -> Z_T(mid,out)",decoded target-Z logical-flow failure probability per CNOT shot,0.002,0.0001,0.0001,8.5,15,657,45000000,45000000,3649,0,8.10888888888889e-05,7.847909105401547e-05,8.376335382110573e-05,332556f43fbd5f05a7e9aafc01cf3388acefb38e7d98a8be6b901d0958e5a98e,cff2f6b46de4ce2d14d9c0b3e81d0985a334a25d8884c2121f3789be18829ed4,3c797cc7a0aa234b422e31ec794cf3e44ccf5505c5147f39c31667699425e006,d860ebfcb1e1a4f8ae4ac82c7a69f72f28d578e070056abf98f980f1aa31d823,strict_decomposed,authenticated_prior_plus_disjoint_20260921_fixed_45000000_standard_pymatching,672,3,0.1.2,6a2b0882a4f72545cac943ed66aece55d9d65747,2bfa0376b8dd6079e5017906155cac46bd66aa14aa0792334cc8c2cd1c398d80,8ce0903700085a4b2823093ec885abbc9351962b596c759d27e2b901a91d41c5,00bf458fa5a9994632181f4972629bfc4dfc83b8b279c7ece5c8d428c8cd9349
standard_d3d3d3,Z,d3-d3-d3 Z,standard_d3,Standard D3–D3–D3 · target-Z,standard_pymatching,False,False,"L0 = Z_C(mid,in) Z_T(mid,in) -> Z_T(mid,out)",decoded target-Z logical-flow failure probability per CNOT shot,0.003,0.0001,0.0001,8.5,15,657,45000000,45000000,5621,0,0.0001249111111111111,0.00012166696069782247,0.00012821985322990567,332556f43fbd5f05a7e9aafc01cf3388acefb38e7d98a8be6b901d0958e5a98e,6b2eaa038a34f2b9202dc8814b95c27b63d5b8d9fc52ee65cae26e6e7d0055c8,8be98d87c9186ba8b934a7bd0b5419b4fcd88738d384e3b5805584e6e3db806b,69661597cdc9072a17687d5849264a26eb0e81296addac7c9af762f2870cc8d7,strict_decomposed,authenticated_prior_plus_disjoint_20260921_fixed_45000000_standard_pymatching,672,3,0.1.2,6a2b0882a4f72545cac943ed66aece55d9d65747,2bfa0376b8dd6079e5017906155cac46bd66aa14aa0792334cc8c2cd1c398d80,8ce0903700085a4b2823093ec885abbc9351962b596c759d27e2b901a91d41c5,00bf458fa5a9994632181f4972629bfc4dfc83b8b279c7ece5c8d428c8cd9349
standard_d3d3d3,Z,d3-d3-d3 Z,standard_d3,Standard D3–D3–D3 · target-Z,standard_pymatching,False,False,"L0 = Z_C(mid,in) Z_T(mid,in) -> Z_T(mid,out)",decoded target-Z logical-flow failure probability per CNOT shot,0.004,0.0001,0.0001,8.5,15,657,45000000,45000000,8650,0,0.00019222222222222224,0.00018819286169463893,0.00019631610965962164,332556f43fbd5f05a7e9aafc01cf3388acefb38e7d98a8be6b901d0958e5a98e,ee3163c149beeb518649ace552c84ae0c22257ec7a12396ae0e13ce3306125a0,0b4b4cf3eaeb804d864d9ae37ff201d165055d4b6a25ac518da7d533039e537d,be45de253e651f7cf84561d070048c5465f32622121aea65bc004210430ac27a,strict_decomposed,authenticated_prior_plus_disjoint_20260921_fixed_45000000_standard_pymatching,672,3,0.1.2,6a2b0882a4f72545cac943ed66aece55d9d65747,2bfa0376b8dd6079e5017906155cac46bd66aa14aa0792334cc8c2cd1c398d80,8ce0903700085a4b2823093ec885abbc9351962b596c759d27e2b901a91d41c5,00bf458fa5a9994632181f4972629bfc4dfc83b8b279c7ece5c8d428c8cd9349
standard_d3d3d3,Z,d3-d3-d3 Z,standard_d3,Standard D3–D3–D3 · target-Z,standard_pymatching,False,False,"L0 = Z_C(mid,in) Z_T(mid,in) -> Z_T(mid,out)",decoded target-Z logical-flow failure probability per CNOT shot,0.005,0.0001,0.0001,8.5,15,657,45000000,45000000,11918,0,0.00026484444444444444,0.00026011128507531713,0.0002696420867977229,332556f43fbd5f05a7e9aafc01cf3388acefb38e7d98a8be6b901d0958e5a98e,3b79192018b671119446989eefd7e8aa3826f57dc220557e8086b24ea61940f3,d40036c6f137d62fe3b22c69cfad8d9400bb322aaadaffaf4e736a8a05b2148e,b39df91cebc6a6cd269e1491c284ff586bc746abd68c576d07057f08576e30d6,strict_decomposed,authenticated_prior_plus_disjoint_20260921_fixed_45000000_standard_pymatching,672,3,0.1.2,6a2b0882a4f72545cac943ed66aece55d9d65747,2bfa0376b8dd6079e5017906155cac46bd66aa14aa0792334cc8c2cd1c398d80,8ce0903700085a4b2823093ec885abbc9351962b596c759d27e2b901a91d41c5,00bf458fa5a9994632181f4972629bfc4dfc83b8b279c7ece5c8d428c8cd9349
standard_d3d3d3,Z,d3-d3-d3 Z,standard_d3,Standard D3–D3–D3 · target-Z,standard_pymatching,False,False,"L0 = Z_C(mid,in) Z_T(mid,in) -> Z_T(mid,out)",decoded target-Z logical-flow failure probability per CNOT shot,0.006,0.0001,0.0001,8.5,15,657,45000000,45000000,15989,0,0.0003553111111111111,0.00034982574987273965,0.0003608609164918794,332556f43fbd5f05a7e9aafc01cf3388acefb38e7d98a8be6b901d0958e5a98e,da84e6c618579f148d03385f8e4ba880c28873464e070789d4470b086314846a,cba6f4edc3d3fd11db1b226fd68aa7a075eff837ce299c92319a880095be4009,022f62a6342c4c9aa6f0dbf3c84b0a230d88e943535f5bd9f63c150d139bf310,strict_decomposed,authenticated_prior_plus_disjoint_20260921_fixed_45000000_standard_pymatching,672,3,0.1.2,6a2b0882a4f72545cac943ed66aece55d9d65747,2bfa0376b8dd6079e5017906155cac46bd66aa14aa0792334cc8c2cd1c398d80,8ce0903700085a4b2823093ec885abbc9351962b596c759d27e2b901a91d41c5,00bf458fa5a9994632181f4972629bfc4dfc83b8b279c7ece5c8d428c8cd9349
standard_d3d3d3,Z,d3-d3-d3 Z,standard_d3,Standard D3–D3–D3 · target-Z,standard_pymatching,False,False,"L0 = Z_C(mid,in) Z_T(mid,in) -> Z_T(mid,out)",decoded target-Z logical-flow failure probability per CNOT shot,0.007,0.0001,0.0001,8.5,15,657,45000000,45000000,20885,0,0.0004641111111111111,0.00045783923853139394,0.0004704473923363339,332556f43fbd5f05a7e9aafc01cf3388acefb38e7d98a8be6b901d0958e5a98e,78a751fbaeb80071339dcb495c0e9334487bcc46fe915f282b17c56f7970863b,2c2649c8d0a7d4ec6e9ca2eabfebb5ca0fd63ca36b63154ff6b596e1811264d5,c22a9fa172e90857c817a6848e3acba60b0d9eb33f68a041252a99888a0ae94a,strict_decomposed,authenticated_prior_plus_disjoint_20260921_fixed_45000000_standard_pymatching,672,3,0.1.2,6a2b0882a4f72545cac943ed66aece55d9d65747,2bfa0376b8dd6079e5017906155cac46bd66aa14aa0792334cc8c2cd1c398d80,8ce0903700085a4b2823093ec885abbc9351962b596c759d27e2b901a91d41c5,00bf458fa5a9994632181f4972629bfc4dfc83b8b279c7ece5c8d428c8cd9349
standard_d3d3d3,Z,d3-d3-d3 Z,standard_d3,Standard D3–D3–D3 · target-Z,standard_pymatching,False,False,"L0 = Z_C(mid,in) Z_T(mid,in) -> Z_T(mid,out)",decoded target-Z logical-flow failure probability per CNOT shot,0.008,0.0001,0.0001,8.5,15,657,45000000,45000000,26311,0,0.0005846888888888889,0.0005776471172283903,0.0005917950372672923,332556f43fbd5f05a7e9aafc01cf3388acefb38e7d98a8be6b901d0958e5a98e,0ad0bc3c7410441f6b0b165d4ee64bd7f57b6e0f494d1266221ffd72b6b54c02,04027f909d34a2d8cf55a7afd3e6a296c99627a44f4080d2b1664f2059ff7238,f7e611c857dff3c91ae73432856e479d2506ae042ea443bc9f673f36a1c192c9,strict_decomposed,authenticated_prior_plus_disjoint_20260921_fixed_45000000_standard_pymatching,672,3,0.1.2,6a2b0882a4f72545cac943ed66aece55d9d65747,2bfa0376b8dd6079e5017906155cac46bd66aa14aa0792334cc8c2cd1c398d80,8ce0903700085a4b2823093ec885abbc9351962b596c759d27e2b901a91d41c5,00bf458fa5a9994632181f4972629bfc4dfc83b8b279c7ece5c8d428c8cd9349
standard_d3d3d3,Z,d3-d3-d3 Z,standard_d3,Standard D3–D3–D3 · target-Z,standard_pymatching,False,False,"L0 = Z_C(mid,in) Z_T(mid,in) -> Z_T(mid,out)",decoded target-Z logical-flow failure probability per CNOT shot,0.009,0.0001,0.0001,8.5,15,657,45000000,45000000,32164,0,0.0007147555555555555,0.0007069681198049869,0.0007226073384730053,332556f43fbd5f05a7e9aafc01cf3388acefb38e7d98a8be6b901d0958e5a98e,03c94909f5ce754aeb15c7e019204b346a3069c55a8f20406357a9befeb65b8b,9d065f4367cf0f7ed01cd159a01e2dc578cea994a52759e160f6e2e3fc6bbdd7,45b80fdb5ee1517e426236d3927b12b5c4915ae8ce352f2ad84be0252ff71261,strict_decomposed,authenticated_prior_plus_disjoint_20260921_fixed_45000000_standard_pymatching,672,3,0.1.2,6a2b0882a4f72545cac943ed66aece55d9d65747,2bfa0376b8dd6079e5017906155cac46bd66aa14aa0792334cc8c2cd1c398d80,8ce0903700085a4b2823093ec885abbc9351962b596c759d27e2b901a91d41c5,00bf458fa5a9994632181f4972629bfc4dfc83b8b279c7ece5c8d428c8cd9349
standard_d3d3d3,Z,d3-d3-d3 Z,standard_d3,Standard D3–D3–D3 · target-Z,standard_pymatching,False,False,"L0 = Z_C(mid,in) Z_T(mid,in) -> Z_T(mid,out)",decoded target-Z logical-flow failure probability per CNOT shot,0.01,0.0001,0.0001,8.5,15,657,45000000,45000000,39172,0,0.0008704888888888889,0.0008618933318078504,0.0008791487617105843,332556f43fbd5f05a7e9aafc01cf3388acefb38e7d98a8be6b901d0958e5a98e,47496cc8c0c5042170d687625545f2a5a8b40ba4525c6add12c45ca36b4da98b,a0c4006dc55ce5dd2bebad59b94cd44053bf06e62910cc70a63dce078bd7f55e,0b57360dba236bbf640ef4a556c4a5676f8165d0e76146146782f994c0a57bd2,strict_decomposed,authenticated_prior_plus_disjoint_20260921_fixed_45000000_standard_pymatching,672,3,0.1.2,6a2b0882a4f72545cac943ed66aece55d9d65747,2bfa0376b8dd6079e5017906155cac46bd66aa14aa0792334cc8c2cd1c398d80,8ce0903700085a4b2823093ec885abbc9351962b596c759d27e2b901a91d41c5,00bf458fa5a9994632181f4972629bfc4dfc83b8b279c7ece5c8d428c8cd9349
