p_link,decoder,observable,shots,errors,ler,ci95_low,ci95_high
0.001,standard,bottom,2000000,84,4.2e-05,3.392760628464831e-05,5.1992958095543785e-05
0.001,standard,top,2000000,69,3.45e-05,2.7263655772166156e-05,4.365693741891176e-05
0.001,standard,either,2000000,149,7.45e-05,6.34599936137271e-05,8.746044591929313e-05
0.001,standard,both,2000000,4,2e-06,7.777612080252415e-07,5.142956830224555e-06
0.001,correlated,bottom,2000000,68,3.4e-05,2.6822446146830222e-05,4.309814896497341e-05
0.001,correlated,top,2000000,53,2.65e-05,2.0261695299512394e-05,3.4658928623177065e-05
0.001,correlated,either,2000000,117,5.85e-05,4.881703845931609e-05,7.01034625369272e-05
0.001,correlated,both,2000000,4,2e-06,7.777612080252415e-07,5.142956830224555e-06
0.002,standard,bottom,2000000,102,5.1e-05,4.201671801846345e-05,6.190381178866566e-05
0.002,standard,top,2000000,72,3.6e-05,2.858976202769506e-05,4.533082540120569e-05
0.002,standard,either,2000000,168,8.4e-05,7.222248606925304e-05,9.769791696997847e-05
0.002,standard,both,2000000,6,3e-06,1.3749276111819677e-06,6.545786585616385e-06
0.002,correlated,bottom,2000000,83,4.15e-05,3.348092052346704e-05,5.1439645777450774e-05
0.002,correlated,top,2000000,51,2.55e-05,1.939635892117281e-05,3.352426884296809e-05
0.002,correlated,either,2000000,128,6.4e-05,5.3831869002483627e-05,7.608861086577674e-05
0.002,correlated,both,2000000,6,3e-06,1.3749276111819677e-06,6.545786585616385e-06
0.003,standard,bottom,2000000,90,4.5e-05,3.661410615339992e-05,5.530644670243785e-05
0.003,standard,top,2000000,79,3.95e-05,3.169742100639758e-05,4.9223152977423114e-05
0.003,standard,either,2000000,164,8.2e-05,7.0374157986685e-05,9.55462527354494e-05
0.003,standard,both,2000000,5,2.5e-06,1.0678510265100667e-06,5.852865091014009e-06
0.003,correlated,bottom,2000000,62,3.1e-05,2.418451821295753e-05,3.973608842320043e-05
0.003,correlated,top,2000000,66,3.3e-05,2.5941319977181288e-05,4.197927897607379e-05
0.003,correlated,either,2000000,124,6.2e-05,5.200580725194715e-05,7.391468029921613e-05
0.003,correlated,both,2000000,4,2e-06,7.777612080252415e-07,5.142956830224555e-06
0.004,standard,bottom,2000000,77,3.85e-05,3.080770270593407e-05,4.811287511933808e-05
0.004,standard,top,2000000,54,2.7e-05,2.069529954327043e-05,3.522532245869331e-05
0.004,standard,either,2000000,127,6.35e-05,5.33750976377569e-05,7.55453841512292e-05
0.004,standard,both,2000000,4,2e-06,7.777612080252415e-07,5.142956830224555e-06
0.004,correlated,bottom,2000000,60,3e-05,2.3309015861640414e-05,3.8611594615969e-05
0.004,correlated,top,2000000,38,1.9e-05,1.3843519842900918e-05,2.6077132890674357e-05
0.004,correlated,either,2000000,94,4.7e-05,3.8410822892826505e-05,5.750972228010837e-05
0.004,correlated,both,2000000,4,2e-06,7.777612080252415e-07,5.142956830224555e-06
0.005,standard,bottom,2000000,89,4.45e-05,3.616562173373325e-05,5.4754933042830224e-05
0.005,standard,top,2000000,69,3.45e-05,2.7263655772166156e-05,4.365693741891176e-05
0.005,standard,either,2000000,150,7.5e-05,6.392005081894921e-05,8.800038679334528e-05
0.005,standard,both,2000000,8,4e-06,2.0269008623170016e-06,7.893809493029908e-06
0.005,correlated,bottom,2000000,60,3e-05,2.3309015861640414e-05,3.8611594615969e-05
0.005,correlated,top,2000000,55,2.75e-05,2.112950516277744e-05,3.579111491846058e-05
0.005,correlated,either,2000000,110,5.5e-05,4.563765103821318e-05,6.628286340311017e-05
0.005,correlated,both,2000000,5,2.5e-06,1.0678510265100667e-06,5.852865091014009e-06
0.006,standard,bottom,2000000,71,3.55e-05,2.8147322380332475e-05,4.4773266969294e-05
0.006,standard,top,2000000,76,3.8e-05,3.036337411698243e-05,4.755720562901544e-05
0.006,standard,either,2000000,143,7.15e-05,6.0702500285329564e-05,8.421795077204501e-05
0.006,standard,both,2000000,4,2e-06,7.777612080252415e-07,5.142956830224555e-06
0.006,correlated,bottom,2000000,52,2.6e-05,1.982870922779829e-05,3.409191661561689e-05
0.006,correlated,top,2000000,59,2.95e-05,2.2872030686338254e-05,3.804858171199687e-05
0.006,correlated,either,2000000,108,5.4e-05,4.473110053842009e-05,6.518941774435468e-05
0.006,correlated,both,2000000,3,1.5e-06,5.101354923330419e-07,4.4105844666424744e-06
0.007,standard,bottom,2000000,85,4.25e-05,3.4374604926984284e-05,5.254595753248209e-05
0.007,standard,top,2000000,76,3.8e-05,3.036337411698243e-05,4.755720562901544e-05
0.007,standard,either,2000000,157,7.85e-05,6.714407874704759e-05,9.177634542016687e-05
0.007,standard,both,2000000,4,2e-06,7.777612080252415e-07,5.142956830224555e-06
0.007,correlated,bottom,2000000,61,3.05e-05,2.3746515841671728e-05,3.917409271521196e-05
0.007,correlated,top,2000000,59,2.95e-05,2.2872030686338254e-05,3.804858171199687e-05
0.007,correlated,either,2000000,117,5.85e-05,4.881703845931609e-05,7.01034625369272e-05
0.007,correlated,both,2000000,3,1.5e-06,5.101354923330419e-07,4.4105844666424744e-06
0.008,standard,bottom,2000000,72,3.6e-05,2.858976202769506e-05,4.533082540120569e-05
0.008,standard,top,2000000,71,3.55e-05,2.8147322380332475e-05,4.4773266969294e-05
0.008,standard,either,2000000,137,6.85e-05,5.7950116456265745e-05,8.097034612546312e-05
0.008,standard,both,2000000,6,3e-06,1.3749276111819677e-06,6.545786585616385e-06
0.008,correlated,bottom,2000000,59,2.95e-05,2.2872030686338254e-05,3.804858171199687e-05
0.008,correlated,top,2000000,57,2.85e-05,2.199965703379381e-05,3.692095920599277e-05
0.008,correlated,either,2000000,114,5.7e-05,4.7453245612004606e-05,6.846726114641586e-05
0.008,correlated,both,2000000,2,1e-06,2.7423611196339397e-07,3.646485767737844e-06
0.009,standard,bottom,2000000,91,4.55e-05,3.706287301242978e-05,5.585767792268227e-05
0.009,standard,top,2000000,96,4.8e-05,3.931078731093193e-05,5.8609754020551516e-05
0.009,standard,either,2000000,179,8.95e-05,7.731441090188767e-05,0.00010360597100936091
0.009,standard,both,2000000,8,4e-06,2.0269008623170016e-06,7.893809493029908e-06
0.009,correlated,bottom,2000000,62,3.1e-05,2.418451821295753e-05,3.973608842320043e-05
0.009,correlated,top,2000000,59,2.95e-05,2.2872030686338254e-05,3.804858171199687e-05
0.009,correlated,either,2000000,118,5.9e-05,4.927202187006108e-05,7.06484772054565e-05
0.009,correlated,both,2000000,3,1.5e-06,5.101354923330419e-07,4.4105844666424744e-06
0.01,standard,bottom,2000000,99,4.95e-05,4.066264913739491e-05,6.025788643191136e-05
0.01,standard,top,2000000,98,4.9e-05,4.021177836256808e-05,5.970875912746391e-05
0.01,standard,either,2000000,185,9.25e-05,8.009707737367382e-05,0.00010682329301322043
0.01,standard,both,2000000,12,6e-06,3.4323831008528894e-06,1.0488319571591137e-05
0.01,correlated,bottom,2000000,73,3.65e-05,2.9032594841324874e-05,4.588799066685016e-05
0.01,correlated,top,2000000,67,3.35e-05,2.6381664388857102e-05,4.253893264367226e-05
0.01,correlated,either,2000000,132,6.6e-05,5.566060847631376e-05,7.825986370904375e-05
0.01,correlated,both,2000000,8,4e-06,2.0269008623170016e-06,7.893809493029908e-06
